{
  "authenticationTypes": [
    {
      "name": "AuthCodeGrant",
      "displayName": "Authorization Code Grant",
      "description": "Choose this option if each user who sends DocuSign envelopes using \nthe eSignature API will login to DocuSign during each session.",
      "shortDescription": "Users will login to DocuSign during each session to send envelopes to eSignature API",
      "source": "https://raw.githubusercontent.com/docusign/TemporaryCSharpCodeExamples/master/eg-03-csharp-auth-code-grant-core/Common/AuthCodeGrant.cs",
      "parameters": [
        {
          "key": "IntegrationKey",
          "inputType": "PlainText",
          "displayName": "Integration key",
          "placeHolder": "XXXXXXXX-XXXX-XXXX-XXXX-XXXXXXXXXXXX",
          "mandatory": true,
          "validationRegEx": "^({{0,1}([0-9a-fA-F]){8}-([0-9a-fA-F]){4}-([0-9a-fA-F]){4}-([0-9a-fA-F]){4}-([0-9a-fA-F]){12}}{0,1})$",
          "validationMessage": "A correct integration key should be a GUID",
          "help": {
            "hint": "How to get an integration key?",
            "displayText": "Learn more",
            "URI": "https://developers.docusign.com/esign-rest-api/guides/authentication/oauth2-code-grant#prerequisites"
          }
        },
        {
          "key": "RedirectURI",
          "inputType": "PlainText",
          "contentType": "URI",
          "displayName": "Redirect URI",
          "placeHolder": "http://example.com",
          "mandatory": true,
          "validationRegEx": "",
          "validationMessage": "A correct redirect URI should be a URI",
          "help": {
            "hint": "How to define a redirect URI?",
            "displayText": "Learn more",
            "URI": "https://developers.docusign.com/esign-rest-api/guides/authentication/oauth2-code-grant#prerequisites"
          }
        },
        {
          "key": "SecretKey",
          "inputType": "PlainText",
          "displayName": "Secret key",
          "placeHolder": "",
          "mandatory": true,
          "validationRegEx": "",
          "help": {
            "hint": "How to get a secret key?",
            "displayText": "Learn more",
            "URI": "https://developers.docusign.com/esign-rest-api/guides/authentication/oauth2-code-grant#prerequisites"
          }
        },
        {
          "key": "SignerName",
          "placeHolder": "USER_FULLNAME",
          "displayInWizard": false
        },
        {
          "key": "SignerEmail",
          "placeHolder": "USER_EMAIL",
          "displayInWizard": false
        },
        {
          "key": "AuthServer",
          "defaultValue": "account-d.docusign.com",
          "displayInWizard": false
        },
        {
          "key": "AuthorizationEndpoint",
          "defaultValue": "https://account-d.docusign.com/oauth/auth",
          "displayInWizard": false
        },
        {
          "key": "TokenEndpoint",
          "defaultValue": "https://account-d.docusign.com/oauth/token",
          "displayInWizard": false
        },
        {
          "key": "UserInformationEndpoint",
          "defaultValue": "https://account-d.docusign.com/oauth/userinfo",
          "displayInWizard": false
        }
      ],
      "help": {
        "hint": "How do I use Authorization Code Grant?",
        "displayText": "Learn more",
        "URI": "https://developers.docusign.com/esign-rest-api/guides/authentication/oauth2-code-grant"
      },
      "applicableProjectType": "Web"
    },
    {
      "name": "JWT",
      "displayName": "JSON Web Token (JWT)",
      "description": "Choose this option if a single login will be used to send all envelopes.",
      "source": "https://raw.githubusercontent.com/docusign/TemporaryCSharpCodeExamples/master/eg-03-csharp-auth-code-grant-core/Common/JWTAuth.cs",
      "parameters": [
        {
          "key": "IntegrationKey",
          "inputType": "PlainText",
          "displayName": "Integration key",
          "placeHolder": "XXXXXXXX-XXXX-XXXX-XXXX-XXXXXXXXXXXX",
          "mandatory": true,
          "validationRegEx": "^({{0,1}([0-9a-fA-F]){8}-([0-9a-fA-F]){4}-([0-9a-fA-F]){4}-([0-9a-fA-F]){4}-([0-9a-fA-F]){12}}{0,1})$",
          "validationMessage": "A correct integration key should be a GUID",
          "help": {
            "hint": "How to get an integration key?",
            "displayText": "Learn more",
            "URI": "https://developers.docusign.com/esign-rest-api/guides/authentication/oauth2-jsonwebtoken#prerequisites"
          }
        },
        {
          "key": "UserId",
          "inputType": "PlainText",
          "displayName": "DocuSign User ID",
          "placeHolder": "XXXXXXXX-XXXX-XXXX-XXXX-XXXXXXXXXXXX",
          "mandatory": true,
          "validationRegEx": "^({{0,1}([0-9a-fA-F]){8}-([0-9a-fA-F]){4}-([0-9a-fA-F]){4}-([0-9a-fA-F]){4}-([0-9a-fA-F]){12}}{0,1})$",
          "validationMessage": "A correct userId should be a GUID",
          "help": {
            "hint": "How to find the DocuSign userId",
            "displayText": "Learn more",
            "URI": "https://developers.docusign.com/esign-rest-api/guides/authentication/oauth2-jsonwebtoken#prerequisites"
          }
        },
        {
          "key": "RSAKey",
          "inputType": "MultiLineText",
          "displayName": "RSA private key",
          "contentType": "PEM",
          "placeHolder": "",
          "mandatory": true,
          "validationRegEx": "",
          "validationMessage": "A correct RSA private key should be a PEM-encoded certificate",
          "help": {
            "hint": "How do I get RSA private key?",
            "displayText": "Learn more",
            "URI": "https://developers.docusign.com/esign-rest-api/guides/authentication/oauth2-jsonwebtoken#prerequisites"
          }
        },
        {
          "key": "SignerName",
          "placeHolder": "USER_FULLNAME",
          "displayInWizard": false
        },
        {
          "key": "SignerEmail",
          "placeHolder": "USER_EMAIL",
          "displayInWizard": false
        },
        {
          "key": "AuthServer",
          "defaultValue": "account-d.docusign.com",
          "displayInWizard": false
        },
        {
          "key": "AuthorizationEndpoint",
          "defaultValue": "https://account-d.docusign.com/oauth/auth",
          "displayInWizard": false
        },
        {
          "key": "TokenEndpoint",
          "defaultValue": "https://account-d.docusign.com/oauth/token",
          "displayInWizard": false
        },
        {
          "key": "UserInformationEndpoint",
          "defaultValue": "https://account-d.docusign.com/oauth/userinfo",
          "displayInWizard": false
        }
      ],
      "help": {
        "hint": "How do I use JSON Web Token (JWT) Grant?",
        "displayText": "Learn more",
        "URI": "https://developers.docusign.com/esign-rest-api/guides/authentication/oauth2-jsonwebtoken"
      },
      "preferredConfigFile": "AppConfig"
    }
  ],
  "packages": [
    {
      "name": "DocuSign.eSign.dll",
      "version": "4.1.1"
    },
    {
      "name": "System.Configuration.ConfigurationManager",
      "version": "4.7.0"
    },
    {
      "name": "Microsoft.AspNet.Identity.Owin",
      "version": "2.2.2"
    },
    {
      "name": "System.Runtime.Caching",
      "version": "4.7.0"
    },
    {
      "name": "Microsoft.Owin.Host.SystemWeb",
      "version": "4.1.0"
    }
  ],
  "help": {
    "hint": "How do I identify OAuth Authentication Type?",
    "displayText": "Learn more",
    "URI": "https://developers.docusign.com/esign-rest-api/guides/authentication"
  }
}